<panel>
  <title>Windows - Top 10 Printers</title>

  <input type="time" token="time_token" searchWhenChanged="true">
    <label>Time</label>
    <default>
      <earliestTime>-24h@h</earliestTime>
      <latestTime>now</latestTime>
    </default>
  </input>

  <chart>
    <searchString>eventtype=printmon_windows | top limit=10 printer</searchString>
    <earliestTime>$time_token.earliest$</earliestTime>
    <latestTime>$time_token.latest$</latestTime>
    <option name="charting.chart">bar</option>
    <option name="charting.axisTitleX.text">Printer</option>
    <option name="charting.axisTitleY.text">Count</option>
  </chart>
</panel>