﻿<Events><Event xmlns='http://schemas.microsoft.com/win/2004/08/events/event'><System><Provider Name='Microsoft-Windows-Security-Auditing' Guid='{54849625-5478-4994-A5BA-3E3B0328C30D}'/><EventID>4647</EventID><Version>0</Version><Level>0</Level><Task>12545</Task><Opcode>0</Opcode><Keywords>0x8020000000000000</Keywords><TimeCreated SystemTime='2014-07-11T19:36:20.285256700Z'/><EventRecordID>182</EventRecordID><Correlation/><Execution ProcessID='464' ThreadID='2148'/><Channel>Security</Channel><Computer>WIN-9DV9ENFEJEG</Computer><Security/></System><EventData><Data Name='TargetUserSid'>S-1-5-21-3971707290-3287975982-528657165-500</Data><Data Name='TargetUserName'>Administrator</Data><Data Name='TargetDomainName'>WIN-9DV9ENFEJEG</Data><Data Name='TargetLogonId'>0x20157d</Data></EventData></Event></Events>