﻿<Events><Event xmlns='http://schemas.microsoft.com/win/2004/08/events/event'><System><Provider Name='Microsoft-Windows-Security-Auditing' Guid='{54849625-5478-4994-A5BA-3E3B0328C30D}'/><EventID>4624</EventID><Version>1</Version><Level>0</Level><Task>12544</Task><Opcode>0</Opcode><Keywords>0x8020000000000000</Keywords><TimeCreated SystemTime='2014-07-22T04:31:59.442383400Z'/><EventRecordID>524</EventRecordID><Correlation/><Execution ProcessID='492' ThreadID='520'/><Channel>Security</Channel><Computer>WIN-9DV9ENFEJEG</Computer><Security/></System><EventData><Data Name='SubjectUserSid'>S-1-5-18</Data><Data Name='SubjectUserName'>WIN-9DV9ENFEJEG$</Data><Data Name='SubjectDomainName'>WORKGROUP</Data><Data Name='SubjectLogonId'>0x3e7</Data><Data Name='TargetUserSid'>S-1-5-18</Data><Data Name='TargetUserName'>SYSTEM</Data><Data Name='TargetDomainName'>NT AUTHORITY</Data><Data Name='TargetLogonId'>0x3e7</Data><Data Name='LogonType'>5</Data><Data Name='LogonProcessName'>Advapi  </Data><Data Name='AuthenticationPackageName'>Negotiate</Data><Data Name='WorkstationName'></Data><Data Name='LogonGuid'>{00000000-0000-0000-0000-000000000000}</Data><Data Name='TransmittedServices'>-</Data><Data Name='LmPackageName'>-</Data><Data Name='KeyLength'>0</Data><Data Name='ProcessId'>0x1e4</Data><Data Name='ProcessName'>C:\Windows\System32\services.exe</Data><Data Name='IpAddress'>-</Data><Data Name='IpPort'>-</Data><Data Name='ImpersonationLevel'>%%1833</Data></EventData></Event></Events>