﻿<Events><Event xmlns='http://schemas.microsoft.com/win/2004/08/events/event'><System><Provider Name='Microsoft-Windows-Security-Auditing' Guid='{54849625-5478-4994-A5BA-3E3B0328C30D}'/><EventID>4672</EventID><Version>0</Version><Level>0</Level><Task>12548</Task><Opcode>0</Opcode><Keywords>0x8020000000000000</Keywords><TimeCreated SystemTime='2014-08-04T09:38:36.049352200Z'/><EventRecordID>768</EventRecordID><Correlation/><Execution ProcessID='488' ThreadID='3672'/><Channel>Security</Channel><Computer>WIN-9DV9ENFEJEG</Computer><Security/></System><EventData><Data Name='SubjectUserSid'>S-1-5-18</Data><Data Name='SubjectUserName'>SYSTEM</Data><Data Name='SubjectDomainName'>NT AUTHORITY</Data><Data Name='SubjectLogonId'>0x3e7</Data><Data Name='PrivilegeList'>SeAssignPrimaryTokenPrivilege
			SeTcbPrivilege
			SeSecurityPrivilege
			SeTakeOwnershipPrivilege
			SeLoadDriverPrivilege
			SeBackupPrivilege
			SeRestorePrivilege
			SeDebugPrivilege
			SeAuditPrivilege
			SeSystemEnvironmentPrivilege
			SeImpersonatePrivilege</Data></EventData></Event></Events>