﻿<Events><Event xmlns='http://schemas.microsoft.com/win/2004/08/events/event'><System><Provider Name='Microsoft-Windows-Security-Auditing' Guid='{54849625-5478-4994-A5BA-3E3B0328C30D}'/><EventID>4616</EventID><Version>1</Version><Level>0</Level><Task>12288</Task><Opcode>0</Opcode><Keywords>0x8020000000000000</Keywords><TimeCreated SystemTime='2014-07-21T22:45:15.049706900Z'/><EventRecordID>418</EventRecordID><Correlation/><Execution ProcessID='4' ThreadID='128'/><Channel>Security</Channel><Computer>WIN-9DV9ENFEJEG</Computer><Security/></System><EventData><Data Name='SubjectUserSid'>S-1-5-18</Data><Data Name='SubjectUserName'>WIN-9DV9ENFEJEG$</Data><Data Name='SubjectDomainName'>WORKGROUP</Data><Data Name='SubjectLogonId'>0x3e7</Data><Data Name='PreviousTime'>2014-07-21T22:45:03.965938600Z</Data><Data Name='NewTime'>2014-07-21T22:45:15.050000000Z</Data><Data Name='ProcessId'>0x504</Data><Data Name='ProcessName'>C:\Program Files\VMware\VMware Tools\vmtoolsd.exe</Data></EventData></Event></Events>