﻿<Events><Event xmlns='http://schemas.microsoft.com/win/2004/08/events/event'><System><Provider Name='Microsoft-Windows-WindowsUpdateClient' Guid='{945A8954-C147-4ACD-923F-40C45405A658}'/><EventID>17</EventID><Version>0</Version><Level>4</Level><Task>2</Task><Opcode>12</Opcode><Keywords>0x8000000000000014</Keywords><TimeCreated SystemTime='2014-08-05T20:06:51.410078100Z'/><EventRecordID>2944</EventRecordID><Correlation/><Execution ProcessID='744' ThreadID='288'/><Channel>System</Channel><Computer>WIN-9DV9ENFEJEG</Computer><Security UserID='S-1-5-18'/></System><UserData><updatelist xmlns='http://manifests.microsoft.com/win/2004/08/windows/eventlog'>
- Update for Windows Server 2012 R2 (KB2971203)
- Update for Windows Server 2012 R2 (KB2950153)
- Security Update for Windows Server 2012 R2 (KB2964736)
- Update for Windows Server 2012 R2 (KB2938066)
- Cumulative Security Update for Internet Explorer 11 for Windows Server 2012 R2 (KB2962872)
- Update for Windows Server 2012 R2 (KB2975061)
- Update for Windows Server 2012 R2 (KB2956575)
- Update for .NET Native on Windows 8.1 and Windows Server 2012 R2 for x64-based Systems (KB2954879)
- Security Update for Windows Server 2012 R2 (KB2926765)
- Update for Windows Server 2012 R2 (KB2939087)
- Security Update for Windows Server 2012 R2 (KB2920189)
- Update for Windows Server 2012 R2 (KB2958262)
- Security Update for Windows Server 2012 R2 (KB2973351)
- Security Update for Windows Server 2012 R2 (KB2939576)
- Update for Windows Server 2012 R2 (KB2959626)
- Security Update for Windows Server 2012 R2 (KB2957189)
- Security Update for Microsoft .NET Framework 4.5.1 on Windows 8.1 and Windows Server 2012 R2 for x64-based Systems (KB2931366)
- Windows Malicious Software Removal Tool for Windows 8, 8.1 and Windows Server 2012, 2012 R2 x64 Edition - July 2014 (KB890830)
- Security Update for Windows Server 2012 R2 (KB2964718)
- Security Update for Windows Server 2012 R2 (KB2973201)
- Security Update for Windows Server 2012 R2 (KB2965788)
- Update for Windows Server 2012 R2 (KB2966804)
- Update for Windows Server 2012 R2 (KB2955164)
- Security Update for Windows Server 2012 R2 (KB2961072)</updatelist></UserData></Event></Events>