﻿<Events><Event xmlns='http://schemas.microsoft.com/win/2004/08/events/event'><System><Provider Name='Microsoft-Windows-Security-Auditing' Guid='{54849625-5478-4994-A5BA-3E3B0328C30D}'/><EventID>4625</EventID><Version>0</Version><Level>0</Level><Task>12544</Task><Opcode>0</Opcode><Keywords>0x8010000000000000</Keywords><TimeCreated SystemTime='2014-08-13T00:43:36.302481600Z'/><EventRecordID>1880</EventRecordID><Correlation/><Execution ProcessID='508' ThreadID='2248'/><Channel>Security</Channel><Computer>WIN-9DV9ENFEJEG</Computer><Security/></System><EventData><Data Name='SubjectUserSid'>S-1-5-18</Data><Data Name='SubjectUserName'>WIN-9DV9ENFEJEG$</Data><Data Name='SubjectDomainName'>WORKGROUP</Data><Data Name='SubjectLogonId'>0x3e7</Data><Data Name='TargetUserSid'>S-1-0-0</Data><Data Name='TargetUserName'>Administrator</Data><Data Name='TargetDomainName'>WIN-9DV9ENFEJEG</Data><Data Name='Status'>0xc000010b</Data><Data Name='FailureReason'>%%2304</Data><Data Name='SubStatus'>0x0</Data><Data Name='LogonType'>11</Data><Data Name='LogonProcessName'>CredPro</Data><Data Name='AuthenticationPackageName'>Negotiate</Data><Data Name='WorkstationName'>WIN-9DV9ENFEJEG</Data><Data Name='TransmittedServices'>-</Data><Data Name='LmPackageName'>-</Data><Data Name='KeyLength'>0</Data><Data Name='ProcessId'>0xd20</Data><Data Name='ProcessName'>C:\Windows\System32\consent.exe</Data><Data Name='IpAddress'>::1</Data><Data Name='IpPort'>0</Data></EventData></Event></Events>