﻿<Events><Event xmlns='http://schemas.microsoft.com/win/2004/08/events/event'><System><Provider Name='Microsoft-Windows-Security-Auditing' Guid='{54849625-5478-4994-A5BA-3E3B0328C30D}'/><EventID>4608</EventID><Version>0</Version><Level>0</Level><Task>12288</Task><Opcode>0</Opcode><Keywords>0x8020000000000000</Keywords><TimeCreated SystemTime='2014-07-10T20:01:01.569766600Z'/><EventRecordID>28</EventRecordID><Correlation/><Execution ProcessID='464' ThreadID='468'/><Channel>Security</Channel><Computer>WIN-9DV9ENFEJEG</Computer><Security/></System><EventData></EventData></Event></Events>