﻿<Events><Event xmlns='http://schemas.microsoft.com/win/2004/08/events/event'><System><Provider Name='Microsoft-Windows-Security-Auditing' Guid='{54849625-5478-4994-A5BA-3E3B0328C30D}'/><EventID>4776</EventID><Version>0</Version><Level>0</Level><Task>14336</Task><Opcode>0</Opcode><Keywords>0x8020000000000000</Keywords><TimeCreated SystemTime='2014-07-10T20:27:54.517083400Z'/><EventRecordID>157</EventRecordID><Correlation/><Execution ProcessID='464' ThreadID='3032'/><Channel>Security</Channel><Computer>WIN-9DV9ENFEJEG</Computer><Security/></System><EventData><Data Name='PackageName'>MICROSOFT_AUTHENTICATION_PACKAGE_V1_0</Data><Data Name='TargetUserName'>Administrator</Data><Data Name='Workstation'>WIN-9DV9ENFEJEG</Data><Data Name='Status'>0x0</Data></EventData></Event></Events>