﻿<Events><Event xmlns='http://schemas.microsoft.com/win/2004/08/events/event'><System><Provider Name='Microsoft-Windows-Security-Auditing' Guid='{54849625-5478-4994-A5BA-3E3B0328C30D}'/><EventID>4648</EventID><Version>0</Version><Level>0</Level><Task>12544</Task><Opcode>0</Opcode><Keywords>0x8020000000000000</Keywords><TimeCreated SystemTime='2014-07-21T22:52:48.146031400Z'/><EventRecordID>430</EventRecordID><Correlation/><Execution ProcessID='496' ThreadID='528'/><Channel>Security</Channel><Computer>WIN-9DV9ENFEJEG</Computer><Security/></System><EventData><Data Name='SubjectUserSid'>S-1-5-18</Data><Data Name='SubjectUserName'>WIN-9DV9ENFEJEG$</Data><Data Name='SubjectDomainName'>WORKGROUP</Data><Data Name='SubjectLogonId'>0x3e7</Data><Data Name='LogonGuid'>{00000000-0000-0000-0000-000000000000}</Data><Data Name='TargetUserName'>DWM-1</Data><Data Name='TargetDomainName'>Window Manager</Data><Data Name='TargetLogonGuid'>{00000000-0000-0000-0000-000000000000}</Data><Data Name='TargetServerName'>localhost</Data><Data Name='TargetInfo'>localhost</Data><Data Name='ProcessId'>0x1a4</Data><Data Name='ProcessName'>C:\Windows\System32\winlogon.exe</Data><Data Name='IpAddress'>-</Data><Data Name='IpPort'>-</Data></EventData></Event></Events>